CR,MSER
15,0.029013397261160645
20,0.024910507515624975
25,0.026371320545535728
30,0.02900606411071422
35,0.027870186338839247
40,0.0314888577022322
45,0.032752362025892864
50,0.03925017153482148
55,0.045038430387499995
60,0.05216465303258946
65,0.06404219787544647
70,0.08112192025446426
75,0.1035258110357139
