CR,MSER
15,0.026618880335714266
20,0.02763498247232139
25,0.029133255956696365
30,0.03007801038839287
35,0.03177247999330348
40,0.030673376586607137
45,0.036893337429017875
50,0.039574133956696435
55,0.043834664762499996
60,0.052530049058482034
65,0.06642898254017872
70,0.0795369828660715
75,0.09989354868749993
