CR,MSER
15,0.02510557461160715
20,0.024231493462499958
25,0.025995660365178547
30,0.02829996090892859
35,0.02958757770580353
40,0.030937698049553576
45,0.03433484335491072
50,0.039487570785714306
55,0.04379626614553561
60,0.055143130312500094
65,0.07087717175892858
70,0.08613389763392844
75,0.10149703565178578
