CR,MSER
15,0.029241783816964257
20,0.02729097006294639
25,0.026628910241964274
30,0.02949598808616071
35,0.028289294934821442
40,0.030422033070982117
45,0.03560104788973211
50,0.04090752471919646
55,0.04310550354062502
60,0.05471176082633933
65,0.0701359026370535
70,0.08850983567857117
75,0.10990377348660722
