CR,MSER
15,0.10292588620089287
20,0.0982237039151786
25,0.09709371061607142
30,0.09811943345535702
35,0.09808507979464293
40,0.09803734035267857
45,0.09840377192857137
50,0.1004523085580357
55,0.1033045617410713
60,0.11045724900000012
65,0.11868198167857134
70,0.12952994350892832
75,0.13846106446874984
