CR,MSER
15,0.10515263891071425
20,0.09647520517857128
25,0.09765762835714296
30,0.1008863642366072
35,0.09653265391517846
40,0.09692050318750002
45,0.09754706353124985
50,0.10155015709374997
55,0.1049877806741072
60,0.10718368301339276
65,0.11392202907589279
70,0.12430319440178568
75,0.13842191996874986
