CR,MSER
15,0.08749158636607154
20,0.08827899120535722
25,0.08836825415178569
30,0.08961783166071434
35,0.08976434139285713
40,0.08973093714285706
45,0.0912793325714287
50,0.09191469593750011
55,0.0914533966964283
60,0.0933388899107141
65,0.09388844290178582
70,0.09374424892857149
75,0.09572466647321431
