CR,MSER
15,0.08748286893303564
20,0.08881855738839277
25,0.0894347421428572
30,0.08994456576339298
35,0.09056669204017848
40,0.09082760998660727
45,0.09160786071428562
50,0.0918838857142857
55,0.09234240825892848
60,0.09317909022321413
65,0.09426302558035708
70,0.0941734720535714
75,0.09504108665178591
