CR,MSER
15,0.08710739957589288
20,0.08833298375000005
25,0.08850225595982157
30,0.08920986523214292
35,0.08958620563392844
40,0.08972785027678569
45,0.09075456366964278
50,0.09095547987499995
55,0.0924418815625
60,0.0934984083035712
65,0.09267191308035715
70,0.09403419196428546
75,0.09588878593749997
