CR,MSER
15,0.08585514844196396
20,0.0864405133526785
25,0.0861935201830355
30,0.08666726841517847
35,0.08694574835267839
40,0.08706450768303574
45,0.08770026925446428
50,0.08795152696874993
55,0.0876016331339285
60,0.0874394061383928
65,0.08917661089732126
70,0.08945744654464287
75,0.08913237212053603
