CR,MSER
15,0.0069465104285714495
20,0.009753238950892869
25,0.010836782781250009
30,0.01196599637500001
35,0.012917767245535726
40,0.013502949754464288
45,0.017194029379464282
50,0.01881889580803564
55,0.021041172450892803
60,0.02109104988392854
65,0.02314176065624997
70,0.02406755908482138
75,0.02601123978124996
