CR,MSER
15,0.08613608143749997
20,0.08583758808482138
25,0.0865430205401786
30,0.08693523619642853
35,0.08638037152232136
40,0.08756521433482141
45,0.08739860683482133
50,0.0880943777723215
55,0.0876533358973214
60,0.08907996375446445
65,0.08891969519642866
70,0.08935862399553603
75,0.08940153823660733
