CR,MSER
15,0.008109481035714303
20,0.009311361825892863
25,0.011753018379464285
30,0.012970378678571426
35,0.014068751258928591
40,0.015250336285714284
45,0.01711038704464284
50,0.019510383477678542
55,0.021647026638392845
60,0.02355764339732134
65,0.023028229624999945
70,0.023857439705357048
75,0.02645631171874992
