CR,MSER
15,0.007493251642857154
20,0.009877390254464293
25,0.011693889941964289
30,0.01267739854464286
35,0.012904594562500012
40,0.014757901491071415
45,0.017098185428571434
50,0.018413975357142825
55,0.020979173558035673
60,0.022766384982142833
65,0.022587771950892826
70,0.02321375189285705
75,0.025103849147321406
