CR,MSER
15,0.10101174511160696
20,0.10055854032142854
25,0.10224921332142853
30,0.10439633137053558
35,0.10568669270982138
40,0.10830432910714279
45,0.10899905970535717
50,0.11135186403124984
55,0.11110785826339292
60,0.11083438892857132
65,0.11279120469642848
70,0.1130021963526786
75,0.11442108441964256
