CR,MSER
15,0.039224183220089276
20,0.043127380788839376
25,0.0464584817531251
30,0.050487090678571454
35,0.05300241300892864
40,0.057196884669642845
45,0.05973616229464288
50,0.062420729491071456
55,0.06484234594196422
60,0.06454598975892874
65,0.06617230933482131
70,0.06381211366964293
75,0.0674630130848216
