CR,MSER
15,0.10138728232142862
20,0.10007225459375002
25,0.10246876271428575
30,0.10564178949107145
35,0.10624273270535717
40,0.10726603174553569
45,0.11139623921428593
50,0.1131932501071428
55,0.11268574519196428
60,0.11278037316964279
65,0.1124143527767859
70,0.11317274343303556
75,0.11367780409375022
