CR,MSER
15,0.03700560648973217
20,0.038534399736160706
25,0.04308153772633918
30,0.04781798543303573
35,0.04968655416473227
40,0.05223984952232136
45,0.05615903162946436
50,0.0595532220803571
55,0.062075411678571425
60,0.06175404449107136
65,0.06554566151339271
70,0.06645874724553567
75,0.06995626527678571
