CR,MSER
15,0.10138406119642865
20,0.10192107724553551
25,0.10267012403124988
30,0.10390221652232158
35,0.10677335279910735
40,0.10782549089732187
45,0.10848495254464313
50,0.11175961146875017
55,0.11214554558035723
60,0.112657100401786
65,0.1131728402053572
70,0.11134373929017867
75,0.11317011723214293
