CR,MSER
15,0.09932006345089271
20,0.09936888534375005
25,0.10019944471428578
30,0.09990263933035722
35,0.10141974562499984
40,0.10067782630357136
45,0.09996726591517849
50,0.10338407069196434
55,0.10425222413392872
60,0.10503044797767869
65,0.10398083977678577
70,0.10515119899107145
75,0.10760497045089296
