CR,MSER
15,0.10531870041964286
20,0.10121033738392865
25,0.10026260465625009
30,0.10116768834374991
35,0.10084977098214273
40,0.10118803265178578
45,0.10064637687946433
50,0.10307702581250014
55,0.10037703429017847
60,0.10272408349107143
65,0.10353143068750002
70,0.10531864349553559
75,0.10659930380803564
