CR,MSER
15,0.024528657565624997
20,0.029957405329017854
25,0.03216448153616066
30,0.03332553203214291
35,0.03786755680491073
40,0.03607670907589298
45,0.0372836130174107
50,0.04278137450312504
55,0.045731564168749926
60,0.046032172435714204
65,0.04627645678705357
70,0.05034206835267855
75,0.052237808874999965
