CR,MSER
15,0.10139257126785742
20,0.10118213614285738
25,0.10025004953124989
30,0.10024864876785688
35,0.09914235889732143
40,0.10170745737499982
45,0.10217365702678571
50,0.10153755329464309
55,0.10127049853571435
60,0.10172414156696427
65,0.10203756445089268
70,0.10120695075
75,0.10201078757589295
