CR,MSER
15,0.10244824111160707
20,0.10223506066071435
25,0.09964497462053568
30,0.09987537139732132
35,0.09878950380357125
40,0.09863727535267855
45,0.1010151513214283
50,0.10343378756250009
55,0.09916839841964284
60,0.1013135473616072
65,0.10181401271874986
70,0.10401988228571446
75,0.10539720694642862
