CR,MSER
15,0.005054316013392862
20,0.0061876748258928626
25,0.008327835531250001
30,0.009190145441964297
35,0.00987248616517859
40,0.012163656276785721
45,0.013176277598214305
50,0.014390557968750007
55,0.01669416408035711
60,0.01836388778124997
65,0.025200527950892802
70,0.03468607358035709
75,0.04501396915624999
