CR,MSER
15,0.08538258808928567
20,0.08560991634821412
25,0.08484561504910694
30,0.08522988049999987
35,0.08517111692857131
40,0.08582812402678554
45,0.08612823272767871
50,0.08582713042410725
55,0.08582709808482138
60,0.08729817086607139
65,0.0881958371875001
70,0.09029698292410715
75,0.09510589135714288
