CR,MSER
15,0.005918788924107136
20,0.007579462348214291
25,0.008947494620535729
30,0.00845688736607144
35,0.010897666299107161
40,0.011752025026785733
45,0.013374735084821421
50,0.014684485290178571
55,0.015917278066964274
60,0.018763685629464257
65,0.024253175107142814
70,0.031689465772321346
75,0.04317142712053568
