CR,MSER
15,0.0854446600044642
20,0.08507319287499988
25,0.08504034416071408
30,0.08513177233928573
35,0.08501741715178561
40,0.08571805063392857
45,0.08543017455357149
50,0.08612383953125004
55,0.08640766469196408
60,0.0870917925491072
65,0.08825979880357131
70,0.09138921451339291
75,0.0961759461473216
