CR,MSER
15,0.03755775455892858
20,0.04022090124062502
25,0.04210894863883931
30,0.044808365012500004
35,0.04947700542857142
40,0.05232492792410721
45,0.0550120195303572
50,0.059805316700892903
55,0.06079074384821431
60,0.06271992951785721
65,0.06232018354910714
70,0.06521313900000002
75,0.06980718141517869
