CR,MSER
15,0.08597714759821429
20,0.08641481096874992
25,0.08698212701339296
30,0.08695931287946411
35,0.08685881728125004
40,0.08728956422767867
45,0.08757694575446417
50,0.0883556215267857
55,0.08835900587946435
60,0.08884959804910728
65,0.089022239607143
70,0.08925196138392862
75,0.09008466464285707
