CR,MSER
15,0.08601337116517838
20,0.08639803050446417
25,0.08656416424553556
30,0.0871056355982142
35,0.08664663625446418
40,0.08702598437946403
45,0.08736603609821424
50,0.0878476248928571
55,0.08806001078571439
60,0.08853020915178572
65,0.08950370683482162
70,0.09006031906696459
75,0.08986458328571444
