CR,MSER
15,0.0063396122187500065
20,0.00830421862053573
25,0.011223483513392868
30,0.011094577156250014
35,0.012903403611607142
40,0.01391247769642861
45,0.016163913334821447
50,0.01666783139285717
55,0.018622130334821376
60,0.020325855084821372
65,0.02317380684821425
70,0.02254959208035712
75,0.023020074316964196
