CR,MSER
15,0.014985476183035742
20,0.018134124517857154
25,0.01921033532589282
30,0.023632645473214215
35,0.026187385084821418
40,0.027993940410714267
45,0.027771266312499997
50,0.030867771803571413
55,0.03244523960267851
60,0.03406471753124997
65,0.034470252897321384
70,0.03744629353571418
75,0.039510147165178464
