CR,MSER
15,0.014595494857142859
20,0.016513626611607133
25,0.018733761209821412
30,0.020677414526785644
35,0.024046771012499933
40,0.02602942116517856
45,0.02821836835714284
50,0.02925556022767852
55,0.03157112227678567
60,0.03488386310714284
65,0.034879746535714254
70,0.037118222526785684
75,0.039366963410714245
