CR,MSER
15,0.08748356087499981
20,0.08842276607142839
25,0.08928460102678536
30,0.08996102965178558
35,0.0904001096473215
40,0.09138880555357144
45,0.09134493691964272
50,0.09239181691964272
55,0.0926245454464285
60,0.09269936406249989
65,0.09313380308035717
70,0.09444671950892874
75,0.09574703151785738
