CR,MSER
15,0.014161762660714302
20,0.017544782441964266
25,0.0203181190133928
30,0.023075266080357114
35,0.02513573337053567
40,0.027423719361607063
45,0.028899410888392752
50,0.02968121861607132
55,0.03210921952678555
60,0.033617148084821344
65,0.03679062441964283
70,0.03740950742857146
75,0.039361766535714264
