CR,MSER
15,0.01448648687946428
20,0.01715122511607141
25,0.018653038098214263
30,0.022449360848214254
35,0.023490049558035648
40,0.026840345901785658
45,0.028106912308035623
50,0.02913935918749993
55,0.032356783566964274
60,0.03230147575446429
65,0.03466530242857145
70,0.03717471387053566
75,0.04040747254910715
