CR,MSER
15,0.08778218922321417
20,0.08869799174107146
25,0.08900071601785726
30,0.08962867040178576
35,0.08988057897321414
40,0.09106964959821415
45,0.09133513589285701
50,0.09155435075892843
55,0.09275447781250003
60,0.09245648486607137
65,0.09307724950892857
70,0.09469425848214286
75,0.09613979232142873
