CR,MSER
15,0.08568172420982147
20,0.08536480495982121
25,0.08513094403124992
30,0.08517261483928563
35,0.08535725776339276
40,0.08585121104464277
45,0.08558778219196415
50,0.08583255640178591
55,0.0865655789330354
60,0.08637500376785717
65,0.0871349188214285
70,0.08930311616964284
75,0.09315329058035718
