CR,MSER
15,0.025652356163839304
20,0.026632074895982134
25,0.026335660976785698
30,0.02788580871205357
35,0.030245541501785767
40,0.032082210874553575
45,0.032522753451785597
50,0.03687274694553563
55,0.042060364969196476
60,0.046891834192410754
65,0.05554445349196431
70,0.07045325709821429
75,0.09018511407142855
