CR,MSER
15,0.10435937825892865
20,0.09831240663839272
25,0.09716799774553603
30,0.09912100885714269
35,0.09603452893750014
40,0.09754014085267844
45,0.09819152030357135
50,0.0995883138705357
55,0.10413395537946431
60,0.10482231272321425
65,0.10995288141517873
70,0.11814964646428555
75,0.1300077730714287
