CR,MSER
15,0.004892944964285719
20,0.006372251772321439
25,0.007176572986607152
30,0.008692046991071426
35,0.00941858625000002
40,0.011906530169642864
45,0.012321855111607142
50,0.014190488861607146
55,0.01651817870982139
60,0.016416285004464293
65,0.02011874084374996
70,0.026071030223214237
75,0.037555767999999976
