CR,MSER
15,0.10083638843749987
20,0.09607772714285741
25,0.0982416605848214
30,0.09871324477232168
35,0.09668749655803592
40,0.09733974536607146
45,0.10017945464732139
50,0.10217734605357125
55,0.10450029301339285
60,0.1075295825446428
65,0.11460860464732152
70,0.12219959835267862
75,0.13560692013392844
