CR,MSER
15,0.1060274096116071
20,0.09723500674107144
25,0.0975058584553572
30,0.09878397138392847
35,0.09604086526339259
40,0.09755745354017857
45,0.09970378894642848
50,0.10271246511160737
55,0.10392512364285708
60,0.11044966858928586
65,0.11765326034374997
70,0.12940996514285688
75,0.14131980923214277
