CR,MSER
15,0.014110585964285733
20,0.016860289013392846
25,0.018243288486607123
30,0.021251961312499984
35,0.023756076985714223
40,0.025995719111607078
45,0.02762003724107137
50,0.029108939629464262
55,0.03127595189732143
60,0.03384191008928571
65,0.036045944531249915
70,0.03679675051339278
75,0.03910892452678568
