CR,MSER
15,0.10249337349107147
20,0.10106939214732133
25,0.10009439369196425
30,0.09864244854910714
35,0.10105179952232121
40,0.09920598444642852
45,0.10122755704464272
50,0.10176138079464306
55,0.10247270095982144
60,0.10293662941071431
65,0.1038428608616073
70,0.10335142620982153
75,0.10308755312499986
