CR,MSER
15,0.027655498710267828
20,0.029682902561607077
25,0.031154054989285734
30,0.028939975814285736
35,0.035823151819196423
40,0.03558954853749992
45,0.03710747636294641
50,0.03737605241249999
55,0.04046197800580355
60,0.04308596986964297
65,0.044254889525446504
70,0.04532272843660717
75,0.048153212212053605
