CR,MSER
15,0.027147438699999978
20,0.028805048490625016
25,0.030522388852678533
30,0.03019432706785718
35,0.03403988198883932
40,0.037002280034821394
45,0.038483024340624956
50,0.03899488688080354
55,0.039183469017857145
60,0.04050679834910724
65,0.04311695669955362
70,0.04407869510267856
75,0.04501261449107145
