CR,MSER
15,0.026144573649107092
20,0.02960705250848215
25,0.03244321141071428
30,0.032521802830357174
35,0.0346220099294644
40,0.035679059756696364
45,0.037098839430357175
50,0.04138629887991076
55,0.04008898612142855
60,0.041576049571874996
65,0.04549769901250007
70,0.04929477518750009
75,0.04948568017410718
