CR,MSER
15,0.03036014253571427
20,0.028686167402232128
25,0.03386994399151784
30,0.037321178280357255
35,0.03490528452946431
40,0.035692714149553585
45,0.036379034797767905
50,0.03942162599196431
55,0.04085581274553576
60,0.04279403557589286
65,0.048251321723214266
70,0.04973565022321423
75,0.05167998623214282
