CR,MSER
15,0.03657566467901794
20,0.041205217434375094
25,0.04360054774955351
30,0.04626351775446417
35,0.05136991138392866
40,0.05330690926875005
45,0.055704029767857106
50,0.05994430951339291
55,0.06208586663839286
60,0.06375932162053584
65,0.06498203495982138
70,0.0633004256428571
75,0.06790066062499989
