CR,MSER
15,0.03688182498124997
20,0.040429353643750054
25,0.042918334604017824
30,0.04853664000580359
35,0.0502211284522321
40,0.052692890008928565
45,0.059871803383928515
50,0.062358784133928695
55,0.06255638592857134
60,0.06336484363839284
65,0.0645493328794644
70,0.06627253983482133
75,0.06765453112946444
