CR,MSER
15,0.10160114593303586
20,0.10322989709821406
25,0.1049339665401785
30,0.10505272906696413
35,0.10805405279910703
40,0.11022449933035709
45,0.11203812154910708
50,0.11198359910714277
55,0.11359691578571435
60,0.11216713624999998
65,0.11227429089285718
70,0.111448839044643
75,0.1133181435267855
