CR,MSER
15,0.006807246026785722
20,0.008993065308035722
25,0.010451610388392868
30,0.011651189781249995
35,0.012675346357142871
40,0.012653373196428593
45,0.015644649075892858
50,0.0168381659330357
55,0.01917816529017852
60,0.021610038026785662
65,0.02232024424107137
70,0.023005070888392827
75,0.024319981491071414
