CR,MSER
15,0.08592821442410699
20,0.08630068920982134
25,0.08652006487053546
30,0.0867502621651785
35,0.08713156444642849
40,0.08651304449553557
45,0.08740063629017854
50,0.08746672578571402
55,0.0878885954285715
60,0.08850050549553579
65,0.08841807304017855
70,0.08920915208035729
75,0.08948584948660752
