CR,MSER
15,0.08547811866964272
20,0.08498758715178552
25,0.08550578572321413
30,0.0854278204642857
35,0.08540184183482133
40,0.08564122969642847
45,0.08571567013839297
50,0.08643063004017866
55,0.08635480682142838
60,0.08713387587500014
65,0.08941534537946426
70,0.09360471741964305
75,0.10294200636607148
