CR,MSER
15,0.08556642879910717
20,0.0854187453214284
25,0.08501238754910699
30,0.08497859652678552
35,0.08512323449553551
40,0.08555671689285706
45,0.08554370656696424
50,0.0860642438883929
55,0.08666020281696414
60,0.08700832778571442
65,0.0890814939821429
70,0.09098224290178576
75,0.09853499954017851
