CR,MSER
15,0.005527647446428572
20,0.007125995071428585
25,0.007559560464285715
30,0.00903965112053573
35,0.0102068228482143
40,0.011909843357142864
45,0.013274212464285697
50,0.014223029852678593
55,0.016301557267857127
60,0.02052319550892849
65,0.02696072441964282
70,0.03860340389285715
75,0.05509635841964279
