CR,MSER
15,0.004459432375000002
20,0.005833253566964287
25,0.007433942303571434
30,0.008676323558035706
35,0.009168033950892883
40,0.011807095196428571
45,0.012812832272321426
50,0.014466409142857128
55,0.017013632366071407
60,0.019764852906249943
65,0.025752467316964255
70,0.03408159603571424
75,0.04690494725446429
