CR,MSER
15,0.10349608897321416
20,0.10206269268750012
25,0.1020931537098215
30,0.10369214771874989
35,0.10609982068750014
40,0.1077036727232143
45,0.10808008430357126
50,0.11067299085267862
55,0.11140387730803562
60,0.11143961010267861
65,0.11102372070089277
70,0.11211055277232124
75,0.11542625531249998
